phenomenon,test_item,original_condition,sentence_grammatical,sentence_ungrammatical,sum_surprisal_grammatical,sum_surprisal_ungrammatical
Anaphora,TS 1,grammatical,The new executive who oversaw the middle managers apparently doubted himself on most major decisions,The new executive who oversaw the middle managers apparently doubted themselves on most major decisions,90.77496071499999,93.82588462000001
Anaphora,TS 2,grammatical,The popular sheriff who campaigned for the incumbent politicians never prepared himself for the new press briefing,The popular sheriff who campaigned for the incumbent politicians never prepared themselves for the new press briefing,99.05243257000001,104.71735233000001
Anaphora,TS 3,grammatical,The construction worker who argued with the shift leaders undeniably hurt himself on the construction site,The construction worker who argued with the shift leaders undeniably hurt themselves on the construction site,90.48689556,95.84534783000001
Anaphora,TS 4,grammatical,The young caddy who escorted the experienced golfers supposedly dirtied himself by falling in the sand,The young caddy who escorted the experienced golfers supposedly dirtied themselves by falling in the sand,91.47952603999998,96.61918695000001
Anaphora,TS 5,grammatical,The police officer who aided the brilliant detectives reportedly disguised himself to get more information,The police officer who aided the brilliant detectives reportedly disguised themselves to get more information,82.03734438999999,85.99653289999999
Anaphora,TS 6,ungrammatical,The football referee who argued with the large quarterbacks surprisingly excused himself from the important game,The football referee who argued with the large quarterbacks surprisingly excused themselves from the important game,92.05487719200002,98.90372671700001
Anaphora,TS 7,ungrammatical,The somber minister who conversed with the religious scholars usually presented himself as very open-minded,The somber minister who conversed with the religious scholars usually presented themselves as very open-minded,92.80986272319998,97.44910393629999
Anaphora,TS 8,ungrammatical,The serious general who advised the new corporals seemingly committed himself to the training regimen,The serious general who advised the new corporals seemingly committed themselves to the training regimen,97.67428764,99.02366863000002
Anaphora,TS 9,ungrammatical,The paranoid foreman who supervised the coal miners presumably saved himself after the awful cave-in,The paranoid foreman who supervised the coal miners presumably saved themselves after the awful cave-in,95.24504325780003,100.98672704969998
Anaphora,TS 10,ungrammatical,The grimy blacksmith who worked for the royal knights evidently hurt himself with the sharp tools,The grimy blacksmith who worked for the royal knights evidently hurt themselves with the sharp tools,88.52046209999999,94.88837399999998
Center Embedding,TS 1,grammatical,The ancient manuscript that the grad student who the new card catalog had confused a great deal was studying in the library was missing a page,The ancient manuscript that the grad student who the new card catalog had confused a great deal was missing a page,128.82169134,112.97582824999999
Center Embedding,TS 2,grammatical,The lullaby that the famous country singer who the record label had signed to a big contract was singing yesterday was written seventy years ago,The lullaby that the famous country singer who the record label had signed to a big contract was written seventy years ago,119.4071514957,103.13299404400001
Center Embedding,TS 3,grammatical,The game that the child who the lawnmower had startled in the yard was playing in the morning lasted for hours,The game that the child who the lawnmower had startled in the yard lasted for hours,110.62844474400002,92.96308263499998
Center Embedding,TS 4,grammatical,The crime that the gangster who the story had profiled had planned for weeks was quickly solved,The crime that the gangster who the story had profiled was quickly solved,106.67300096299998,83.572384863
Center Embedding,TS 5,grammatical,The picture that the artist who the school had expelled for cheating was hurriedly copying was printed in a magazine,The picture that the artist who the school had expelled for cheating was hurriedly copying was printed in a magazine,110.26531374200002,110.26531324200002
Center Embedding,TS 6,ungrammatical,The trophy that the athlete who the restaurant had hired as a spokesman cherished was stolen later,The trophy that the athlete who the restaurant had hired as a spokesman was stolen later,97.59186816,94.05152672
Center Embedding,TS 7,ungrammatical,The apartment that the maid who the service had sent over cleaned was well decorated,The apartment that the maid who the service had sent over was well decorated,80.8443993,72.70817172
Center Embedding,TS 8,ungrammatical,The shirt that the seamstress who the immigration officer had investigated last week wore needed to be dry cleaned,The shirt that the seamstress who the immigration officer had investigated last week needed to be dry cleaned,98.575234775,95.03389084
Center Embedding,TS 9,ungrammatical,The lecture that the professor who the newspaper story had just profiled in detail delivered was not well attended,The lecture that the professor who the newspaper story had just profiled in detail was not well attended,96.2524856222,91.377445341
Center Embedding,TS 10,ungrammatical,The novel that the horror author who the publishing company had recently fired wrote last year was banned by the local library,The novel that the horror author who the publishing company had recently fired was banned by the local library,99.08261617,91.33414832
Comparative Sentences,TS 1,grammatical,More gym instructors won a marathon yesterday than lawyers did,More gym instructors won a marathon yesterday than Nikhil did,67.1774236,76.13239157099999
Comparative Sentences,TS 2,grammatical,More Americans began law school this week than Canadians did,More Americans began law school this week than Jason did,55.55750872,59.25891723
Comparative Sentences,TS 3,grammatical,This month more one-year-olds took their first steps than 10-month-olds did,This month more one-year-olds took their first steps than Marie's daughter did,60.45691157199999,72.70737576
Comparative Sentences,TS 4,grammatical,Today more Brazilians immigrated to Japan than Chileans did,Today more Brazilians immigrated to Japan than Wolfgang did,56.70750290400001,65.35530347400001
Comparative Sentences,TS 5,grammatical,More 18-year-olds voted in this election than 40-year-olds did,More 18-year-olds voted in this election than he did,47.226091709799995,46.020477785
Comparative Sentences,TS 6,ungrammatical,More photographers won their third Pulitzer this year than the writers did,More photographers won their third Pulitzer this year than the professor did,61.65393495,68.81316826
Comparative Sentences,TS 7,ungrammatical,More girls graduated from high school last year than boys did,More girls graduated from high school last year than John did,35.307156065,48.117019150999994
Comparative Sentences,TS 8,ungrammatical,This semester more foreign applicants got into Stanford than Americans did,This semester more foreign applicants got into Stanford than Marie did,63.11517193000001,74.25236634000001
Comparative Sentences,TS 9,ungrammatical,More boys got an A on the exam yesterday than the girls did,More boys got an A on the exam yesterday than she did,56.192553569999994,61.85369232000001
Comparative Sentences,TS 10,ungrammatical,Last month more couples had their second child than single parents did,Last month more couples had their second child than Sandra's sister did,57.147933300000005,74.22151879999998
Intrusive Resumption,TS 1,grammatical,This is the boy that the cop who was leading the operation beat up,This is the boy that the cop who was leading the operation beat him up,64.17806535,70.25674698
Intrusive Resumption,TS 2,grammatical,This is the girl that the child who was playing with the doll loved,This is the girl that the child who was playing with the doll loved her,54.72432040000001,63.566251050000005
Intrusive Resumption,TS 3,grammatical,This is the boy that the teachers who were teaching mathematics praised,This is the boy that the teachers who were teaching mathematics praised him,56.5363234,59.45290599999999
Intrusive Resumption,TS 4,grammatical,These are the flowers that the gardener who was working on John's flowerbed planted,These are the flowers that the gardener who was working on John's flowerbed planted them,62.310864949999996,71.93513194999998
Intrusive Resumption,TS 5,grammatical,These are the cakes that the pastry chefs who were participating in the competition baked,These are the cakes that the pastry chefs who were participating in the competition baked them,54.434309250000005,63.36132131000001
Intrusive Resumption,TS 6,ungrammatical,This is the girl that the boy who was working with the gardener courted,This is the girl that the boy who was working with the gardener courted her,63.34585519200001,71.793326592
Intrusive Resumption,TS 7,ungrammatical,This is the actress that the judge who was working at Cannes admired,This is the actress that the judge who was working at Cannes admired her,71.77157599999998,77.14520199999998
Intrusive Resumption,TS 8,ungrammatical,This is the mug that the artisans who were working with ceramics crafted,This is the mug that the artisans who were working with ceramics crafted it,63.904284422100005,68.8660722221
Intrusive Resumption,TS 9,ungrammatical,This is the dictionary entry that the students who were doing the exam looked up,This is the dictionary entry that the students who were doing the exam looked it up,61.502633929999995,67.77812366299999
Intrusive Resumption,TS 10,ungrammatical,This is the competition that the athletes who were feeling tired gave up,This is the competition that the athletes who were feeling tired gave it up,63.475209989999996,69.26203579999999
NPIs,TS 1,grammatical,No authors that the critics recommended have received any acknowledgment for a best-selling novel,The authors that no critics recommended have received any acknowledgment for a best-selling novel,84.83253264999999,94.65377145
NPIs,TS 2,grammatical,No ambassadors that the diplomats consulted have ever seen brutality in the foreign war,The ambassadors that no diplomats consulted have ever seen brutality in the foreign war,94.49777046,101.59369949999999
NPIs,TS 3,grammatical,No customers that the salesmen assisted have expressed any optimism for a full refund,The customers that no salesmen assisted have expressed any optimism for a full refund,91.90058706,106.4598023
NPIs,TS 4,grammatical,No detergents that the housewives used have ever caused damage to the delicate clothing,The detergents that no housewives used have ever caused damage to the delicate clothing,74.238690438,81.5720640908
NPIs,TS 5,grammatical,No students that the teachers punished could expect any friendliness from the strict principal,The students that no teachers punished could expect any friendliness from the strict principal,80.62933958400001,105.8419892
NPIs,TS 6,ungrammatical,No soldiers that the diplomats supported have shown any bravery in the controversial war,The soldiers that no diplomats supported have shown any bravery in the controversial war,86.60756660000001,98.37287740000002
NPIs,TS 7,ungrammatical,No professors that the students respected have ever wanted negativity in a class debate,The professors that no students respected have ever wanted negativity in a class debate,86.62397370000001,101.0986291
NPIs,TS 8,ungrammatical,No comments that the politicians ignored have caused any bitterness toward the liberal newspapers,The comments that no politicians ignored have caused any bitterness toward the liberal newspapers,96.883443,102.9428612
NPIs,TS 9,ungrammatical,No lawyers that the businessmen respected have ever received criticism for a bad trial,The lawyers that no businessmen respected have ever received criticism for a bad trial,93.9027975,100.97821900000001
NPIs,TS 10,ungrammatical,No babysitters that the children obeyed have shown any gratitude to the disappointed parents,The babysitters that no children obeyed have shown any gratitude to the disappointed parents,96.33098054000001,102.14288526
Order of Adjectives,TS 1,grammatical,I wore a beautiful long Italian silk dress,,37.6834224,
Order of Adjectives,TS 2,grammatical,I bought a nice small German electric bike,,40.2090104,
Order of Adjectives,TS 3,grammatical,I washed an ugly wide American wool sweater,,57.433450300000004,
Order of Adjectives,TS 4,grammatical,I painted a fine short Swedish wooden table,,57.9295005,
Order of Adjectives,TS 5,grammatical,I saw a graceful tall Venetian vitreous vase,,60.64959695129999,
Order of Adjectives,TS 6,ungrammatical,,I wore a silk Italian long beautiful dress,,50.2496233
Order of Adjectives,TS 7,ungrammatical,,I bought an electric German small nice bike,,54.1965888
Order of Adjectives,TS 8,ungrammatical,,I washed a wool American wide ugly sweater,,63.060131549999994
Order of Adjectives,TS 9,ungrammatical,,I painted a wooden Swedish short fine table,,61.0340488
Order of Adjectives,TS 10,ungrammatical,,I saw a vitreous Venetian tall graceful vase,,60.8651243263
Order of Adverbs,TS 1,grammatical,Charlotte allegedly once was an acrobat,Charlotte once allegedly was an acrobat,47.060244260000005,47.412797180000005
Order of Adverbs,TS 2,grammatical,Sean probably already did his homework,Sean already probably did his homework,37.00613130000001,40.862101300000006
Order of Adverbs,TS 3,grammatical,Melissa then always cleaned the dishes,Melissa always then cleaned the dishes,46.686441599999995,46.69155659999999
Order of Adverbs,TS 4,grammatical,Dre perhaps still takes dance lessons,Dre still perhaps takes dance lessons,50.153309300000004,54.5284613
Order of Adverbs,TS 5,grammatical,Emily probably no longer drinks beer,Emily no longer probably drinks beer,42.45290553000001,47.626744099999996
Order of Adverbs,TS 6,ungrammatical,Marc allegedly once was a firefighter,Marc once allegedly was a firefighter,46.9420657,49.887878
Order of Adverbs,TS 7,ungrammatical,Sonja probably already set the table,Sonja already probably set the table,45.0479403,49.373709000000005
Order of Adverbs,TS 8,ungrammatical,Jacob then always did his homework,Jacob always then did his homework,43.2405139,41.0490651
Order of Adverbs,TS 9,ungrammatical,Gary perhaps still drives to work,Gary still perhaps drives to work,45.0882836,50.8259046
Order of Adverbs,TS 10,ungrammatical,Jeff probably no longer eats sushi,Jeff no longer probably eats sushi,42.680651600000004,47.7063055
Plural Attraction,TS 1,grammatical,The key to the cabinets probably was destroyed by the fire,The key to the cabinets probably were destroyed by the fire,50.18286879,50.64181106
Plural Attraction,TS 2,grammatical,The picture on the fliers definitely was of a village church in the south of France,The picture on the fliers definitely were of a village church in the south of France,72.92744045,75.38953020999999
Plural Attraction,TS 3,grammatical,The label on the containers probably was a warning about the hazardous chemicals inside,The label on the containers probably were a warning about the hazardous chemicals inside,57.76715780000001,59.85891003999999
Plural Attraction,TS 4,grammatical,The crime in the suburbs doubtlessly was a reflection of the violence in today's society,The crime in the suburbs doubtlessly were a reflection of the violence in today's society,70.92032141,75.75255324000001
Plural Attraction,TS 5,grammatical,The entrance to the exhibits evidently was hard to locate on the diagram,The entrance to the exhibits evidently were hard to locate on the diagram,71.727619224,74.12212128
Plural Attraction,TS 6,ungrammatical,The slogan on the posters unsurprisingly was designed to get attention,The slogan on the posters unsurprisingly were designed to get attention,56.68856197,59.24143878
Plural Attraction,TS 7,ungrammatical,The mistake in the programs certainly was disastrous for the small software company,The mistake in the programs certainly were disastrous for the small software company,69.3286723,71.13102860000001
Plural Attraction,TS 8,ungrammatical,The problem in the stores ultimately was solved by firing the custodian,The problem in the stores ultimately were solved by firing the custodian,69.73110782,74.6730126
Plural Attraction,TS 9,ungrammatical,The defect in the appliances likely was unknown to consumers and government regulators,The defect in the appliances likely were unknown to consumers and government regulators,69.53920045,72.08843399000001
Plural Attraction,TS 10,ungrammatical,The door to the laboratories accidentally was left unlocked by the cleaning service,The door to the laboratories accidentally were left unlocked by the cleaning service,60.178939480000004,63.08869738999999
Plural Attraction control,TS 1,,The keys to the cabinet probably were destroyed by the fire,The keys to the cabinet probably was destroyed by the fire,50.363706689999994,56.56283504
Plural Attraction control,TS 2,,The pictures on the flier definitely were of a village church in the south of France,The pictures on the flier definitely was of a village church in the south of France,68.03487807,72.79258229999999
Plural Attraction control,TS 3,,The labels on the container probably were a warning about the hazardous chemicals inside,The labels on the container probably was a warning about the hazardous chemicals inside,57.872826499999995,59.52443410000001
Plural Attraction control,TS 4,,The crimes in the suburb doubtlessly were a reflection of the violence in today's society,The crimes in the suburb doubtlessly was a reflection of the violence in today's society,76.03264635000002,77.32593753
Plural Attraction control,TS 5,,The entrances to the exhibit evidently were hard to locate on the diagram,The entrances to the exhibit evidently was hard to locate on the diagram,72.28245924,74.39990739999999
Plural Attraction control,TS 6,,The slogans on the poster unsurprisingly were designed to get attention,The slogans on the poster unsurprisingly was designed to get attention,54.33844165,58.77837008
Plural Attraction control,TS 7,,The mistakes in the program certainly were disastrous for the small software company,The mistakes in the program certainly was disastrous for the small software company,64.54384113,68.0900847
Plural Attraction control,TS 8,,The problems in the store ultimately were solved by firing the custodian,The problems in the store ultimately was solved by firing the custodian,62.588221219999994,67.0416177
Plural Attraction control,TS 9,,The defects in the appliance likely were unknown to consumers and government regulators,The defects in the appliance likely was unknown to consumers and government regulators,73.53137995,78.25160194
Plural Attraction control,TS 10,,The doors to the laboratory accidentally were left unlocked by the cleaning service,The doors to the laboratory accidentally was left unlocked by the cleaning service,58.30212497000001,62.82842172000001
