sentence_num,phenomenon,test_item,original_condition,sentence_grammatical,sentence_ungrammatical,sum_surprisal_grammatical_with_bos,sum_surprisal_ungrammatical_with_bos,model,mean_surprisal_grammatical,sum_surprisal_grammatical,mean_log_freq_grammatical,slor_grammatical,mean_surprisal_ungrammatical,sum_surprisal_ungrammatical,mean_log_freq_ungrammatical,slor_ungrammatical,sum_surprisal_correct,mean_surprisal_correct,slor_correct,sum_surprisal_diff,mean_surprisal_diff,human_judged_as_gramm,human_accuracy,sum_surprisal_diff_presented
3.0,Anaphora,TS 1,grammatical,The new executive who oversaw the middle managers apparently doubted himself on most major decisions,The new executive who oversaw the middle managers apparently doubted themselves on most major decisions,88.11065122000001,89.98414970000002,text-davinci-002,5.874043414666668,88.11065122000001,-8.499954933107917,2.6259115184412494,5.998943313333333,89.9841497,-8.516347925472736,2.517404612139403,True,True,True,1.873498479999995,0.12489989866666562,0.97,0.97,-1.873498479999995
3.0,Anaphora,TS 1,grammatical,The new executive who oversaw the middle managers apparently doubted himself on most major decisions,The new executive who oversaw the middle managers apparently doubted themselves on most major decisions,90.774960715,93.82588462,text-davinci-003,6.051664047666667,90.774960715,-8.499954933107917,2.44829088544125,6.255058974666667,93.82588462000001,-8.516347925472736,2.261288950806069,True,True,True,3.0509239050000048,0.2033949270000006,0.97,0.97,-3.0509239050000048
4.0,Anaphora,TS 10,ungrammatical,The grimy blacksmith who worked for the royal knights evidently hurt himself with the sharp tools,The grimy blacksmith who worked for the royal knights evidently hurt themselves with the sharp tools,89.35441870000001,95.0069231,text-davinci-002,4.964134372222222,89.3544187,-9.20705783284328,4.242923460621057,5.278162394444444,95.0069231,-9.2234508252081,3.9452884307636564,True,True,True,5.652504399999998,0.3140280222222218,0.4,0.6,5.652504399999998
4.0,Anaphora,TS 10,ungrammatical,The grimy blacksmith who worked for the royal knights evidently hurt himself with the sharp tools,The grimy blacksmith who worked for the royal knights evidently hurt themselves with the sharp tools,88.52046209999999,94.88837399999998,text-davinci-003,4.91780345,88.5204621,-9.20705783284328,4.289254382843279,5.271576333333333,94.888374,-9.2234508252081,3.9518744918747677,True,True,True,6.367911899999996,0.3537728833333329,0.4,0.6,6.367911899999996
5.0,Anaphora,TS 2,grammatical,The popular sheriff who campaigned for the incumbent politicians never prepared himself for the new press briefing,The popular sheriff who campaigned for the incumbent politicians never prepared themselves for the new press briefing,102.71794510000002,108.10895735,text-davinci-002,6.042232064705883,102.71794510000001,-8.804710365203329,2.7624783004974462,6.359350432352941,108.10895735,-8.821103357568148,2.4617529252152073,True,True,True,5.391012249999989,0.31711836764705836,0.82,0.82,-5.391012249999989
5.0,Anaphora,TS 2,grammatical,The popular sheriff who campaigned for the incumbent politicians never prepared himself for the new press briefing,The popular sheriff who campaigned for the incumbent politicians never prepared themselves for the new press briefing,99.05243257,104.71735233,text-davinci-003,5.826613680588236,99.05243257000001,-8.804710365203329,2.9780966846150934,6.159844254705882,104.71735233,-8.821103357568148,2.6612591028622665,True,True,True,5.664919759999989,0.3332305741176462,0.82,0.82,-5.664919759999989
6.0,Anaphora,TS 3,grammatical,The construction worker who argued with the shift leaders undeniably hurt himself on the construction site,The construction worker who argued with the shift leaders undeniably hurt themselves on the construction site,85.44843189000001,90.09482184,text-davinci-002,5.340526993125,85.44843189,-8.404009625161427,3.0634826320364272,5.630926365,90.09482184,-8.421573545552306,2.7906471805523063,True,True,True,4.64638995,0.290399371875,0.96,0.96,-4.64638995
6.0,Anaphora,TS 3,grammatical,The construction worker who argued with the shift leaders undeniably hurt himself on the construction site,The construction worker who argued with the shift leaders undeniably hurt themselves on the construction site,90.48689556,95.84534783,text-davinci-003,5.6554309725,90.48689556,-8.404009625161427,2.7485786526614273,5.990334239375,95.84534783,-8.421573545552306,2.4312393061773063,True,True,True,5.358452270000001,0.33490326687500005,0.96,0.96,-5.358452270000001
7.0,Anaphora,TS 4,grammatical,The young caddy who escorted the experienced golfers supposedly dirtied himself by falling in the sand,The young caddy who escorted the experienced golfers supposedly dirtied themselves by falling in the sand,92.15632807,96.66189183,text-davinci-002,4.850333056315789,92.15632807,-9.41614173895922,4.565808682643431,5.087467991052631,96.66189183,-9.43253473132404,4.345066740271409,True,True,True,4.505563760000001,0.23713493473684188,0.92,0.92,-4.505563760000001
7.0,Anaphora,TS 4,grammatical,The young caddy who escorted the experienced golfers supposedly dirtied himself by falling in the sand,The young caddy who escorted the experienced golfers supposedly dirtied themselves by falling in the sand,91.47952603999998,96.61918695,text-davinci-003,4.814711896842105,91.47952604,-9.41614173895922,4.601429842117115,5.085220365789474,96.61918695,-9.43253473132404,4.347314365534566,True,True,True,5.1396609100000035,0.27050846894736846,0.92,0.92,-5.1396609100000035
8.0,Anaphora,TS 5,grammatical,The police officer who aided the brilliant detectives reportedly disguised himself to get more information,The police officer who aided the brilliant detectives reportedly disguised themselves to get more information,81.19341088999998,84.96995123,text-davinci-002,5.4128940593333335,81.19341089,-8.546209755483885,3.133315696150551,5.664663415333334,84.96995123,-8.562602747848704,2.89793933251537,True,True,True,3.776540340000011,0.2517693560000005,0.98,0.98,-3.776540340000011
8.0,Anaphora,TS 5,grammatical,The police officer who aided the brilliant detectives reportedly disguised himself to get more information,The police officer who aided the brilliant detectives reportedly disguised themselves to get more information,82.03734438999999,85.99653289999999,text-davinci-003,5.469156292666667,82.03734439,-8.546209755483885,3.0770534628172177,5.733102193333333,85.99653289999999,-8.562602747848704,2.829500554515371,True,True,True,3.95918850999999,0.26394590066666623,0.98,0.98,-3.95918850999999
9.0,Anaphora,TS 6,ungrammatical,The football referee who argued with the large quarterbacks surprisingly excused himself from the important game,The football referee who argued with the large quarterbacks surprisingly excused themselves from the important game,94.46863463,98.9613554,text-davinci-002,5.556978507647059,94.46863463,-8.71846669695521,3.161488189308151,5.8212562000000005,98.9613554,-8.734859689320029,2.913603489320028,True,True,True,4.492720770000005,0.26427769235294196,0.5,0.5,4.492720770000005
9.0,Anaphora,TS 6,ungrammatical,The football referee who argued with the large quarterbacks surprisingly excused himself from the important game,The football referee who argued with the large quarterbacks surprisingly excused themselves from the important game,92.05487719200002,98.903726717,text-davinci-003,5.414992776,92.054877192,-8.71846669695521,3.3034739209552093,5.817866277470588,98.903726717,-8.734859689320029,2.9169934118494405,True,True,True,6.8488495249999914,0.4028735014705882,0.5,0.5,6.8488495249999914
10.0,Anaphora,TS 7,ungrammatical,The somber minister who conversed with the religious scholars usually presented himself as very open-minded,The somber minister who conversed with the religious scholars usually presented themselves as very open-minded,93.7090031256,97.87065272820004,text-davinci-002,4.932052796084211,93.7090031256,-8.468159629058595,3.5361068329743848,5.151086985694737,97.8706527282,-8.482624034086378,3.331537048391641,True,True,True,4.161649602599994,0.21903418961052612,0.41,0.59,4.161649602599994
10.0,Anaphora,TS 7,ungrammatical,The somber minister who conversed with the religious scholars usually presented himself as very open-minded,The somber minister who conversed with the religious scholars usually presented themselves as very open-minded,92.80986272319998,97.4491039363,text-davinci-003,4.884729617010526,92.8098627232,-8.468159629058595,3.583430012048069,5.128900207173684,97.4491039363,-8.482624034086378,3.3537238269126934,True,True,True,4.639241213100007,0.2441705901631579,0.41,0.59,4.639241213100007
11.0,Anaphora,TS 8,ungrammatical,The serious general who advised the new corporals seemingly committed himself to the training regimen,The serious general who advised the new corporals seemingly committed themselves to the training regimen,96.75916396,99.02526274000002,text-davinci-002,6.0474477475,96.75916396,-8.870214297278357,2.8227665497783576,6.18907892125,99.02526274,-8.887778217669236,2.6986992964192362,True,True,True,2.266098780000007,0.14163117375000045,0.36,0.64,2.266098780000007
11.0,Anaphora,TS 8,ungrammatical,The serious general who advised the new corporals seemingly committed himself to the training regimen,The serious general who advised the new corporals seemingly committed themselves to the training regimen,97.67428764,99.02366863000002,text-davinci-003,6.1046429775,97.67428764,-8.870214297278357,2.765571319778357,6.188979289375,99.02366863,-8.887778217669236,2.698798928294236,True,True,True,1.3493809900000002,0.08433631187500001,0.36,0.64,1.3493809900000002
12.0,Anaphora,TS 9,ungrammatical,The paranoid foreman who supervised the coal miners presumably saved himself after the awful cave-in,The paranoid foreman who supervised the coal miners presumably saved themselves after the awful cave-in,93.94187778100002,94.89491097450002,text-davinci-002,5.218993210055555,93.941877781,-9.125399458481953,3.9064062484263973,5.2719394985833326,94.8949109745,-9.140767888823971,3.8688283902406386,True,True,True,0.9530331934999907,0.05294628852777716,0.48,0.52,0.9530331934999907
12.0,Anaphora,TS 9,ungrammatical,The paranoid foreman who supervised the coal miners presumably saved himself after the awful cave-in,The paranoid foreman who supervised the coal miners presumably saved themselves after the awful cave-in,95.24504325780003,100.98672704969998,text-davinci-003,5.2913912921,95.2450432578,-9.125399458481953,3.8340081663819525,5.610373724983334,100.98672704970001,-9.140767888823971,3.5303941638406373,True,True,True,5.741683791900002,0.3189824328833337,0.48,0.52,5.741683791900002
13.0,Center Embedding,TS 1,grammatical,The ancient manuscript that the grad student who the new card catalog had confused a great deal was studying in the library was missing a page,The ancient manuscript that the grad student who the new card catalog had confused a great deal was missing a page,122.17846098,110.04122538,text-davinci-002,4.699171576153846,122.17846098,-8.27387320288351,3.574701626729663,5.240058351428571,110.04122538,-8.230436991456719,2.9903786400281476,False,True,True,-12.137235599999997,0.5408867752747248,0.46,0.46,12.137235599999997
13.0,Center Embedding,TS 1,grammatical,The ancient manuscript that the grad student who the new card catalog had confused a great deal was studying in the library was missing a page,The ancient manuscript that the grad student who the new card catalog had confused a great deal was missing a page,128.82169134,112.97582825,text-davinci-003,4.954680436153846,128.82169134,-8.27387320288351,3.319192766729663,5.3798013452380955,112.97582825,-8.230436991456719,2.850635646218623,False,True,True,-15.845863089999995,0.4251209090842494,0.46,0.46,15.845863089999995
14.0,Center Embedding,TS 10,ungrammatical,The novel that the horror author who the publishing company had recently fired wrote last year was banned by the local library,The novel that the horror author who the publishing company had recently fired was banned by the local library,96.64094420000002,92.43168904,text-davinci-002,4.392770190909091,96.64094419999999,-8.132153086112378,3.7393828952032875,4.864825738947368,92.43168904,-8.153462755040243,3.288637016092875,False,True,True,-4.209255159999998,0.4720555480382771,0.64,0.36,-4.209255159999998
14.0,Center Embedding,TS 10,ungrammatical,The novel that the horror author who the publishing company had recently fired wrote last year was banned by the local library,The novel that the horror author who the publishing company had recently fired was banned by the local library,99.08261617,91.33414832,text-davinci-003,4.503755280454545,99.08261617,-8.132153086112378,3.6283978056578334,4.807060437894736,91.33414832,-8.153462755040243,3.3464023171455066,False,True,True,-7.748467849999997,0.3033051574401915,0.64,0.36,-7.748467849999997
15.0,Center Embedding,TS 2,grammatical,The lullaby that the famous country singer who the record label had signed to a big contract was singing yesterday was written seventy years ago,The lullaby that the famous country singer who the record label had signed to a big contract was written seventy years ago,113.69218357599998,104.54101042,text-davinci-002,4.372776291384616,113.692183576,-8.200841580013947,3.8280652886293307,4.545261322608696,104.54101042,-8.00562348436375,3.4603621617550546,False,True,True,-9.151173155999999,0.1724850312240802,0.65,0.65,9.151173155999999
15.0,Center Embedding,TS 2,grammatical,The lullaby that the famous country singer who the record label had signed to a big contract was singing yesterday was written seventy years ago,The lullaby that the famous country singer who the record label had signed to a big contract was written seventy years ago,119.4071514957,103.132994044,text-davinci-003,4.592582749834616,119.4071514957,-8.200841580013947,3.608258830179331,4.484043219304348,103.132994044,-8.00562348436375,3.521580265059403,False,False,True,-16.274157451700006,-0.1085395305302681,0.65,0.65,16.274157451700006
16.0,Center Embedding,TS 3,grammatical,The game that the child who the lawnmower had startled in the yard was playing in the morning lasted for hours,The game that the child who the lawnmower had startled in the yard lasted for hours,106.907181785,97.29036980499998,text-davinci-002,4.648138338478261,106.907181785,-7.809759134459328,3.161620795981067,5.405020544722222,97.290369805,-7.835468236286579,2.430447691564357,False,True,True,-9.616811980000008,0.7568822062439615,0.51,0.51,9.616811980000008
16.0,Center Embedding,TS 3,grammatical,The game that the child who the lawnmower had startled in the yard was playing in the morning lasted for hours,The game that the child who the lawnmower had startled in the yard lasted for hours,110.62844474400002,92.96308263499998,text-davinci-003,4.809932380173914,110.628444744,-7.809759134459328,2.9998267542854142,5.164615701944445,92.963082635,-7.835468236286579,2.670852534342134,False,True,True,-17.665362109,0.35468332177053163,0.51,0.51,17.665362109
17.0,Center Embedding,TS 4,grammatical,The crime that the gangster who the story had profiled had planned for weeks was quickly solved,The crime that the gangster who the story had profiled was quickly solved,93.97971453799998,81.654798038,text-davinci-002,4.946300765157894,93.979714538,-8.104566604788555,3.158265839630661,5.443653202533333,81.654798038,-8.095493959687447,2.6518407571541145,False,True,True,-12.3249165,0.4973524373754383,0.68,0.68,12.3249165
17.0,Center Embedding,TS 4,grammatical,The crime that the gangster who the story had profiled had planned for weeks was quickly solved,The crime that the gangster who the story had profiled was quickly solved,106.67300096299998,83.572384863,text-davinci-003,5.614368471736841,106.67300096299999,-8.104566604788555,2.490198133051714,5.571492324199999,83.572384863,-8.095493959687447,2.5240016354874477,False,False,False,-23.100616099999996,-0.04287614753684199,0.68,0.68,23.100616099999996
18.0,Center Embedding,TS 5,grammatical,The picture that the artist who the school had expelled for cheating was hurriedly copying was printed in a magazine,The picture that the artist who the school had expelled for cheating was hurriedly copying was printed in a magazine,103.03278277,103.03278277,text-davinci-002,4.906322989047619,103.03278277,-8.007081203936515,3.100758214888896,4.906322989047619,103.03278277,-8.007081203936515,3.100758214888896,False,False,False,0.0,0.0,0.58,0.58,0.0
18.0,Center Embedding,TS 5,grammatical,The picture that the artist who the school had expelled for cheating was hurriedly copying was printed in a magazine,The picture that the artist who the school had expelled for cheating was hurriedly copying was printed in a magazine,110.26531374200002,110.26531324200002,text-davinci-003,5.250729225809524,110.265313742,-8.007081203936515,2.7563519781269914,5.2507292020000005,110.265313242,-8.007081203936515,2.7563520019365146,False,False,False,-4.999999987376214e-07,-2.3809523241880015e-08,0.58,0.58,4.999999987376214e-07
19.0,Center Embedding,TS 6,ungrammatical,The trophy that the athlete who the restaurant had hired as a spokesman cherished was stolen later,The trophy that the athlete who the restaurant had hired as a spokesman was stolen later,96.16310201999998,91.79872182,text-davinci-002,5.65665306,96.16310202,-7.996819449731522,2.3401663897315217,5.73742011375,91.79872182,-7.680038677494243,1.9426185637442428,False,True,True,-4.364380199999999,0.08076705374999982,0.62,0.38,-4.364380199999999
19.0,Center Embedding,TS 6,ungrammatical,The trophy that the athlete who the restaurant had hired as a spokesman cherished was stolen later,The trophy that the athlete who the restaurant had hired as a spokesman was stolen later,97.59186816,94.05152672,text-davinci-003,5.740698127058823,97.59186815999999,-7.996819449731522,2.2561213226726986,5.87822042,94.05152672,-7.680038677494243,1.8018182574942427,False,True,True,-3.5403414399999917,0.1375222929411768,0.62,0.38,-3.5403414399999917
20.0,Center Embedding,TS 7,ungrammatical,The apartment that the maid who the service had sent over cleaned was well decorated,The apartment that the maid who the service had sent over was well decorated,80.03596196999999,77.0458254,text-davinci-002,5.335730798,80.03596197,-7.8215713737327475,2.4858405757327473,5.5032732428571425,77.0458254,-7.524481492761901,2.021208249904759,False,True,True,-2.990136570000004,0.16754244485714231,0.58,0.42,-2.990136570000004
20.0,Center Embedding,TS 7,ungrammatical,The apartment that the maid who the service had sent over cleaned was well decorated,The apartment that the maid who the service had sent over was well decorated,80.8443993,72.70817172,text-davinci-003,5.3896266200000005,80.8443993,-7.8215713737327475,2.431944753732747,5.193440837142857,72.70817172,-7.524481492761901,2.331040655619044,False,False,True,-8.13622758000001,-0.1961857828571434,0.58,0.42,-8.13622758000001
21.0,Center Embedding,TS 8,ungrammatical,The shirt that the seamstress who the immigration officer had investigated last week wore needed to be dry cleaned,The shirt that the seamstress who the immigration officer had investigated last week needed to be dry cleaned,103.37101034999998,100.78277877,text-davinci-002,5.1685505175,103.37101035,-8.264300116117134,3.095749598617134,5.3043567773684215,100.78277877000001,-8.136497569354777,2.8321407919863555,False,True,True,-2.5882315799999986,0.13580625986842154,0.68,0.32,-2.5882315799999986
21.0,Center Embedding,TS 8,ungrammatical,The shirt that the seamstress who the immigration officer had investigated last week wore needed to be dry cleaned,The shirt that the seamstress who the immigration officer had investigated last week needed to be dry cleaned,98.575234775,95.03389084,text-davinci-003,4.92876173875,98.575234775,-8.264300116117134,3.3355383773671345,5.001783728421053,95.03389084,-8.136497569354777,3.134713840933724,False,True,True,-3.5413439350000004,0.07302198967105333,0.68,0.32,-3.5413439350000004
22.0,Center Embedding,TS 9,ungrammatical,The lecture that the professor who the newspaper story had just profiled in detail delivered was not well attended,The lecture that the professor who the newspaper story had just profiled in detail was not well attended,87.31839841439997,83.04580974439997,text-davinci-002,4.36591992072,87.3183984144,-7.849437324613651,3.483517403893651,4.370832091810526,83.0458097444,-7.67919039474055,3.3083583029300234,False,True,True,-4.27258866999999,0.0049121710905266625,0.65,0.35,-4.27258866999999
22.0,Center Embedding,TS 9,ungrammatical,The lecture that the professor who the newspaper story had just profiled in detail delivered was not well attended,The lecture that the professor who the newspaper story had just profiled in detail was not well attended,96.2524856222,91.377445341,text-davinci-003,4.81262428111,96.2524856222,-7.849437324613651,3.036813043503651,4.809339228473684,91.377445341,-7.67919039474055,2.8698511662668658,False,False,True,-4.8750402812,-0.003285052636315733,0.65,0.35,-4.8750402812
23.0,Comparative Illusion,TS 1,grammatical,More gym instructors won a marathon yesterday than lawyers did,More gym instructors won a marathon yesterday than Nikhil did,70.2785272,82.531111927,text-davinci-002,7.02785272,70.2785272,-9.2522757064289,2.2244229864289,6.877592660583333,82.531111927,-9.942563684093802,3.064971023510469,True,False,False,12.252584726999999,-0.15026005941666742,0.95,0.95,-12.252584726999999
23.0,Comparative Illusion,TS 1,grammatical,More gym instructors won a marathon yesterday than lawyers did,More gym instructors won a marathon yesterday than Nikhil did,67.1774236,76.13239157099999,text-davinci-003,6.71774236,67.1774236,-9.2522757064289,2.5345333464289004,6.34436596425,76.132391571,-9.942563684093802,3.598197719843802,True,False,False,8.954967971000002,-0.37337639575000026,0.95,0.95,-8.954967971000002
24.0,Comparative Illusion,TS 10,ungrammatical,Last month more couples had their second child than single parents did,Last month more couples had their second child than Sandra's sister did,53.9028344,73.2376169,text-davinci-002,4.491902866666667,53.9028344,-8.024604813274957,3.53270194660829,5.633662838461539,73.2376169,-inf,inf,True,True,False,19.334782500000003,1.1417599717948717,0.24,0.76,19.334782500000003
24.0,Comparative Illusion,TS 10,ungrammatical,Last month more couples had their second child than single parents did,Last month more couples had their second child than Sandra's sister did,57.147933300000005,74.22151879999998,text-davinci-003,4.762327775,57.1479333,-8.024604813274957,3.2622770382749566,5.7093476,74.2215188,-inf,inf,True,True,False,17.0735855,0.9470198249999999,0.24,0.76,17.0735855
25.0,Comparative Illusion,TS 2,grammatical,More Americans began law school this week than Canadians did,More Americans began law school this week than Jason did,58.54778941,61.22884011,text-davinci-002,5.854778941,58.54778941,-8.368662825280266,2.5138838842802658,6.122884011,61.22884011,-8.207951538210418,2.085067527210418,True,True,True,2.6810507,0.26810506999999983,0.98,0.98,-2.6810507
25.0,Comparative Illusion,TS 2,grammatical,More Americans began law school this week than Canadians did,More Americans began law school this week than Jason did,55.55750872,59.25891723,text-davinci-003,5.555750872,55.55750872,-8.368662825280266,2.812911953280266,5.925891723,59.25891723,-8.207951538210418,2.2820598152104177,True,True,True,3.7014085100000003,0.3701408510000004,0.98,0.98,-3.7014085100000003
26.0,Comparative Illusion,TS 3,grammatical,This month more one-year-olds took their first steps than 10-month-olds did,This month more one-year-olds took their first steps than Marie's daughter did,61.45024553500001,72.76835853900002,text-davinci-002,3.234223449210526,61.450245535,-7.492730458262911,4.258507009052385,4.280491678764706,72.768358539,-inf,inf,True,True,False,11.318113004000004,1.04626822955418,0.97,0.97,-11.318113004000004
26.0,Comparative Illusion,TS 3,grammatical,This month more one-year-olds took their first steps than 10-month-olds did,This month more one-year-olds took their first steps than Marie's daughter did,60.45691157199999,72.70737576,text-davinci-003,3.1819427143157895,60.456911572,-7.492730458262911,4.310787743947122,4.2769044564705885,72.70737576,-inf,inf,True,True,False,12.250464188000002,1.094961742154799,0.97,0.97,-12.250464188000002
27.0,Comparative Illusion,TS 4,grammatical,Today more Brazilians immigrated to Japan than Chileans did,Today more Brazilians immigrated to Japan than Wolfgang did,57.89684644000001,66.51852328000001,text-davinci-002,4.824737203333333,57.89684644,-9.52638474556142,4.701647542228088,6.04713848,66.51852328,-9.350221554192409,3.3030830741924087,True,True,True,8.62167684,1.222401276666667,0.85,0.85,-8.62167684
27.0,Comparative Illusion,TS 4,grammatical,Today more Brazilians immigrated to Japan than Chileans did,Today more Brazilians immigrated to Japan than Wolfgang did,56.70750290400001,65.35530347400001,text-davinci-003,4.7256252420000004,56.707502904,-9.52638474556142,4.80075950356142,5.941391224909091,65.355303474,-9.350221554192409,3.408830329283318,True,True,True,8.647800569999994,1.2157659829090903,0.85,0.85,-8.647800569999994
28.0,Comparative Illusion,TS 5,grammatical,More 18-year-olds voted in this election than 40-year-olds did,More 18-year-olds voted in this election than he did,45.0166570733,41.91077837900001,text-davinci-002,2.6480386513705882,45.0166570733,-7.926904510312462,5.278865858941874,3.223906029153846,41.910778379,-7.634429101642297,4.410523072488451,False,True,True,-3.105878694300003,0.5758673777832577,0.98,0.98,3.105878694300003
28.0,Comparative Illusion,TS 5,grammatical,More 18-year-olds voted in this election than 40-year-olds did,More 18-year-olds voted in this election than he did,47.226091709799995,46.020477785,text-davinci-003,2.7780053946941177,47.2260917098,-7.926904510312462,5.148899115618344,3.5400367526923073,46.020477785,-7.634429101642297,4.09439234894999,False,True,True,-1.205613924800005,0.7620313579981897,0.98,0.98,1.205613924800005
29.0,Comparative Illusion,TS 6,ungrammatical,More photographers won their third Pulitzer this year than the writers did,More photographers won their third Pulitzer this year than the professor did,63.55747040999999,69.14864551,text-davinci-002,5.2964558675,63.55747041,-8.25414919194149,2.9576933244414905,5.762387125833333,69.14864551,-8.196132348393478,2.4337452225601455,True,True,True,5.591175099999994,0.4659312583333328,0.27,0.73,5.591175099999994
29.0,Comparative Illusion,TS 6,ungrammatical,More photographers won their third Pulitzer this year than the writers did,More photographers won their third Pulitzer this year than the professor did,61.65393495,68.81316826,text-davinci-003,5.1378279125,61.65393495,-8.25414919194149,3.1163212794414905,5.734430688333333,68.81316826,-8.196132348393478,2.461701660060145,True,True,True,7.159233309999998,0.5966027758333334,0.27,0.73,7.159233309999998
30.0,Comparative Illusion,TS 7,ungrammatical,More girls graduated from high school last year than boys did,More girls graduated from high school last year than John did,35.67341510099999,52.50593380099999,text-davinci-002,3.243037736454545,35.673415100999996,-8.161450195574933,4.918412459120388,4.773266709181818,52.505933801,-8.059322809006174,3.286056099824356,True,True,True,16.8325187,1.5302289727272727,0.23,0.77,16.8325187
30.0,Comparative Illusion,TS 7,ungrammatical,More girls graduated from high school last year than boys did,More girls graduated from high school last year than John did,35.307156065,48.117019150999994,text-davinci-003,3.2097414604545453,35.307156065,-8.161450195574933,4.951708735120388,4.374274468272727,48.117019151,-8.059322809006174,3.685048340733447,True,True,True,12.809863086,1.1645330078181817,0.23,0.77,12.809863086
31.0,Comparative Illusion,TS 8,ungrammatical,This semester more foreign applicants got into Stanford than Americans did,This semester more foreign applicants got into Stanford than Marie did,59.926430239999995,74.24983454,text-davinci-002,5.447857294545455,59.92643024,-8.605041457355783,3.1571841628103288,6.749984958181818,74.24983454,-8.823299934465028,2.0733149762832106,True,True,True,14.323404299999993,1.3021276636363632,0.19,0.81,14.323404299999993
31.0,Comparative Illusion,TS 8,ungrammatical,This semester more foreign applicants got into Stanford than Americans did,This semester more foreign applicants got into Stanford than Marie did,63.11517193000001,74.25236634000001,text-davinci-003,5.737742902727273,63.11517193,-8.605041457355783,2.86729855462851,6.750215121818183,74.25236634000001,-8.823299934465028,2.0730848126468455,True,True,True,11.137194410000006,1.0124722190909097,0.19,0.81,11.137194410000006
32.0,Comparative Illusion,TS 9,ungrammatical,More boys got an A on the exam yesterday than the girls did,More boys got an A on the exam yesterday than she did,56.81677495,61.3501042,text-davinci-002,4.37052115,56.816774949999996,-7.760501418407305,3.389980268407305,5.112508683333333,61.3501042,-7.495597223160917,2.3830885398275843,True,True,True,4.533329250000001,0.741987533333333,0.31,0.69,4.533329250000001
32.0,Comparative Illusion,TS 9,ungrammatical,More boys got an A on the exam yesterday than the girls did,More boys got an A on the exam yesterday than she did,56.192553569999994,61.85369232000001,text-davinci-003,4.3225041207692305,56.19255357,-7.760501418407305,3.4379972976380744,5.15447436,61.85369232,-7.495597223160917,2.3411228631609173,True,True,True,5.661138749999999,0.8319702392307695,0.31,0.69,5.661138749999999
33.0,Intrusive Resumption,TS 1,grammatical,This is the boy that the cop who was leading the operation beat up,This is the boy that the cop who was leading the operation beat him up,63.46918227,67.32823777,text-davinci-002,4.5335130192857145,63.46918227,-7.345329103313602,2.811816084027887,4.488549184666667,67.32823777,-7.295277544884253,2.806728360217586,True,False,True,3.8590555000000037,-0.04496383461904774,0.94,0.94,-3.8590555000000037
33.0,Intrusive Resumption,TS 1,grammatical,This is the boy that the cop who was leading the operation beat up,This is the boy that the cop who was leading the operation beat him up,64.17806535,70.25674698,text-davinci-003,4.584147525,64.17806535,-7.345329103313602,2.761181578313602,4.683783132,70.25674698,-7.295277544884253,2.6114944128842525,True,True,True,6.0786816300000055,0.09963560700000063,0.94,0.94,-6.0786816300000055
34.0,Intrusive Resumption,TS 10,ungrammatical,This is the competition that the athletes who were feeling tired gave up,This is the competition that the athletes who were feeling tired gave it up,62.5101542,66.6125307,text-davinci-002,4.8084734,62.510154199999995,-7.343547594571979,2.5350741945719797,4.758037907142857,66.6125307,-7.178965882081832,2.4209279749389756,True,False,True,4.102376499999998,-0.05043549285714288,0.0,1.0,4.102376499999998
34.0,Intrusive Resumption,TS 10,ungrammatical,This is the competition that the athletes who were feeling tired gave up,This is the competition that the athletes who were feeling tired gave it up,63.47520999,69.26203579999999,text-davinci-003,4.882708460769231,63.475209989999996,-7.343547594571979,2.4608391338027484,4.947288271428571,69.26203579999999,-7.178965882081832,2.2316776106532616,True,True,True,5.786825809999996,0.06457981065933982,0.0,1.0,5.786825809999996
35.0,Intrusive Resumption,TS 2,grammatical,This is the girl that the child who was playing with the doll loved,This is the girl that the child who was playing with the doll loved her,55.0902791,60.78339360000001,text-davinci-002,3.935019935714286,55.090279100000004,-7.135245870419495,3.200225934705209,4.0522262399999995,60.7833936,-7.050255700487546,2.9980294604875466,True,True,True,5.693114499999993,0.11720630428571344,0.95,0.95,-5.693114499999993
35.0,Intrusive Resumption,TS 2,grammatical,This is the girl that the child who was playing with the doll loved,This is the girl that the child who was playing with the doll loved her,54.72432040000001,63.566251050000005,text-davinci-003,3.9088800285714287,54.7243204,-7.135245870419495,3.2263658418480663,4.23775007,63.56625105,-7.050255700487546,2.8125056304875464,True,True,True,8.841930649999995,0.328870041428571,0.95,0.95,-8.841930649999995
36.0,Intrusive Resumption,TS 3,grammatical,This is the boy that the teachers who were teaching mathematics praised,This is the boy that the teachers who were teaching mathematics praised him,63.2796515,65.2472418,text-davinci-002,5.273304291666666,63.2796515,-7.626898306873303,2.353594015206637,5.0190186,65.2472418,-7.549211684944868,2.5301930849448677,True,False,False,1.9675902999999977,-0.2542856916666665,0.96,0.96,-1.9675902999999977
36.0,Intrusive Resumption,TS 3,grammatical,This is the boy that the teachers who were teaching mathematics praised,This is the boy that the teachers who were teaching mathematics praised him,56.5363234,59.45290599999999,text-davinci-003,4.711360283333334,56.5363234,-7.626898306873303,2.9155380235399697,4.573300461538461,59.452906,-7.549211684944868,2.9759112234064062,True,False,False,2.916582599999998,-0.1380598217948723,0.96,0.96,-2.916582599999998
37.0,Intrusive Resumption,TS 4,grammatical,These are the flowers that the gardener who was working on John's flowerbed planted,These are the flowers that the gardener who was working on John's flowerbed planted them,61.82858862439999,69.85979089439999,text-davinci-002,3.636975801435294,61.8285886244,-inf,inf,3.8810994941333328,69.85979089439999,-inf,inf,True,True,False,8.031202269999994,0.24412369269803857,0.9,0.9,-8.031202269999994
37.0,Intrusive Resumption,TS 4,grammatical,These are the flowers that the gardener who was working on John's flowerbed planted,These are the flowers that the gardener who was working on John's flowerbed planted them,62.31086495,71.93513194999998,text-davinci-003,3.6653449970588237,62.31086495,-inf,inf,3.9963962194444442,71.93513195,-inf,inf,True,True,False,9.624266999999996,0.33105122238562057,0.9,0.9,-9.624266999999996
38.0,Intrusive Resumption,TS 5,grammatical,These are the cakes that the pastry chefs who were participating in the competition baked,These are the cakes that the pastry chefs who were participating in the competition baked them,55.701315599999994,63.357474999999994,text-davinci-002,3.71342104,55.7013156,-8.400160562133111,4.686739522133111,3.9598421875,63.357475,-8.278029790244373,4.3181876027443735,True,True,True,7.6561594,0.2464211475,0.99,0.99,-7.6561594
38.0,Intrusive Resumption,TS 5,grammatical,These are the cakes that the pastry chefs who were participating in the competition baked,These are the cakes that the pastry chefs who were participating in the competition baked them,54.434309250000005,63.36132131000001,text-davinci-003,3.62895395,54.43430925,-8.400160562133111,4.771206612133112,3.960082581875,63.36132131,-8.278029790244373,4.3179472083693735,True,True,True,8.927012060000003,0.33112863187499997,0.99,0.99,-8.927012060000003
39.0,Intrusive Resumption,TS 6,ungrammatical,This is the girl that the boy who was working with the gardener courted,This is the girl that the boy who was working with the gardener courted her,64.71416468400001,69.54661508400002,text-davinci-002,4.04463529275,64.714164684,-7.526283368785091,3.481648076035091,4.090977357882353,69.546615084,-7.411213391286558,3.320236033404205,True,True,True,4.832450399999999,0.04634206513235295,0.01,0.99,4.832450399999999
39.0,Intrusive Resumption,TS 6,ungrammatical,This is the girl that the boy who was working with the gardener courted,This is the girl that the boy who was working with the gardener courted her,63.34585519200001,71.793326592,text-davinci-003,3.9591159495,63.345855192,-7.526283368785091,3.5671674192850906,4.223136858352941,71.793326592,-7.411213391286558,3.188076532933617,True,True,True,8.447471399999998,0.2640209088529408,0.01,0.99,8.447471399999998
40.0,Intrusive Resumption,TS 7,ungrammatical,This is the actress that the judge who was working at Cannes admired,This is the actress that the judge who was working at Cannes admired her,73.5340831,77.2627713,text-davinci-002,5.656467930769231,73.5340831,-7.723962391021563,2.067494460252332,5.518769378571429,77.26277130000001,-7.593686334889456,2.0749169563180265,True,False,False,3.7286882000000077,-0.13769855219780158,0.0,1.0,3.7286882000000077
40.0,Intrusive Resumption,TS 7,ungrammatical,This is the actress that the judge who was working at Cannes admired,This is the actress that the judge who was working at Cannes admired her,71.77157599999998,77.14520199999998,text-davinci-003,5.520890461538461,71.771576,-7.723962391021563,2.2030719294831016,5.510371571428571,77.145202,-7.593686334889456,2.0833147634608844,True,False,True,5.373626000000002,-0.010518890109890044,0.0,1.0,5.373626000000002
41.0,Intrusive Resumption,TS 8,ungrammatical,This is the mug that the artisans who were working with ceramics crafted,This is the mug that the artisans who were working with ceramics crafted it,68.56524248746,74.87280588746,text-davinci-002,4.28532765546625,68.56524248746,-8.106175581547921,3.8208479260816715,4.404282699262353,74.87280588746,-7.882930177751932,3.478647478489579,True,True,True,6.3075634000000065,0.11895504379610333,0.0,1.0,6.3075634000000065
41.0,Intrusive Resumption,TS 8,ungrammatical,This is the mug that the artisans who were working with ceramics crafted,This is the mug that the artisans who were working with ceramics crafted it,63.904284422100005,68.8660722221,text-davinci-003,3.99401777638125,63.9042844221,-8.106175581547921,4.112157805166671,4.050945424829412,68.8660722221,-7.882930177751932,3.83198475292252,True,True,True,4.961787800000003,0.05692764844816223,0.0,1.0,4.961787800000003
42.0,Intrusive Resumption,TS 9,ungrammatical,This is the dictionary entry that the students who were doing the exam looked up,This is the dictionary entry that the students who were doing the exam looked it up,60.69468059,66.409444808,text-davinci-002,4.046312039333333,60.69468059,-7.633451911677265,3.587139872343932,4.1505903005,66.409444808,-7.459918584571752,3.3093282840717517,True,True,True,5.714764218000006,0.10427826116666683,0.0,1.0,5.714764218000006
42.0,Intrusive Resumption,TS 9,ungrammatical,This is the dictionary entry that the students who were doing the exam looked up,This is the dictionary entry that the students who were doing the exam looked it up,61.502633929999995,67.77812366299999,text-davinci-003,4.100175595333333,61.502633929999995,-7.633451911677265,3.5332763163439322,4.2361327289375,67.778123663,-7.459918584571752,3.223785855634252,True,True,True,6.275489733000008,0.13595713360416717,0.0,1.0,6.275489733000008
43.0,NPIs,TS 1,grammatical,No authors that the critics recommended have received any acknowledgment for a best-selling novel,The authors that no critics recommended have received any acknowledgment for a best-selling novel,87.6868816,92.2779291,text-davinci-002,5.4804300999999995,87.68688159999999,-7.817247545529664,2.3368174455296646,5.76737056875,92.2779291,-7.897184988470607,2.1298144197206073,True,True,True,4.591047500000002,0.2869404687500001,0.8,0.8,-4.591047500000002
43.0,NPIs,TS 1,grammatical,No authors that the critics recommended have received any acknowledgment for a best-selling novel,The authors that no critics recommended have received any acknowledgment for a best-selling novel,84.83253264999999,94.65377145,text-davinci-003,5.302033290625,84.83253265,-7.817247545529664,2.515214254904664,5.915860715625,94.65377145,-7.897184988470607,1.9813242728456073,True,True,True,9.821238799999989,0.6138274249999993,0.8,0.8,-9.821238799999989
44.0,NPIs,TS 10,ungrammatical,No babysitters that the children obeyed have shown any gratitude to the disappointed parents,The babysitters that no children obeyed have shown any gratitude to the disappointed parents,98.73814632,99.3480507,text-davinci-002,6.171134145,98.73814632,-8.527922473898618,2.3567883288986184,6.20925316875,99.3480507,-8.247229653075186,2.0379764843251857,True,True,True,0.6099043800000032,0.0381190237500002,0.12,0.88,0.6099043800000032
44.0,NPIs,TS 10,ungrammatical,No babysitters that the children obeyed have shown any gratitude to the disappointed parents,The babysitters that no children obeyed have shown any gratitude to the disappointed parents,96.33098054,102.14288526,text-davinci-003,6.02068628375,96.33098054,-8.527922473898618,2.5072361901486184,6.38393032875,102.14288526,-8.247229653075186,1.8632993243251859,True,True,True,5.811904720000001,0.36324404500000007,0.12,0.88,5.811904720000001
45.0,NPIs,TS 2,grammatical,No ambassadors that the diplomats consulted have ever seen brutality in the foreign war,The ambassadors that no diplomats consulted have ever seen brutality in the foreign war,94.82377040000002,101.0815581,text-davinci-002,6.773126457142857,94.8237704,-8.54683761476309,1.773711157620233,7.220111292857142,101.0815581,-8.264793712449341,1.044682419592199,True,True,True,6.257787699999994,0.44698483571428493,0.79,0.79,-6.257787699999994
45.0,NPIs,TS 2,grammatical,No ambassadors that the diplomats consulted have ever seen brutality in the foreign war,The ambassadors that no diplomats consulted have ever seen brutality in the foreign war,94.49777046,101.5936995,text-davinci-003,6.749840747142857,94.49777046,-8.54683761476309,1.7969968676202335,7.2566928214285715,101.5936995,-8.264793712449341,1.0081008910207698,True,True,True,7.0959290400000015,0.5068520742857148,0.79,0.79,-7.0959290400000015
46.0,NPIs,TS 3,grammatical,No customers that the salesmen assisted have expressed any optimism for a full refund,The customers that no salesmen assisted have expressed any optimism for a full refund,86.7965402,96.6576469,text-davinci-002,5.786436013333333,86.7965402,-8.406041202651675,2.6196051893183423,6.443843126666667,96.6576469,-8.497398280298466,2.053555153631799,True,True,True,9.861106700000008,0.6574071133333339,0.77,0.77,-9.861106700000008
46.0,NPIs,TS 3,grammatical,No customers that the salesmen assisted have expressed any optimism for a full refund,The customers that no salesmen assisted have expressed any optimism for a full refund,91.90058706,106.4598023,text-davinci-003,6.126705803999999,91.90058705999999,-8.406041202651675,2.279335398651676,7.0973201533333325,106.45980229999999,-8.497398280298466,1.4000781269651332,True,True,True,14.55921524,0.9706143493333332,0.77,0.77,-14.55921524
47.0,NPIs,TS 4,grammatical,No detergents that the housewives used have ever caused damage to the delicate clothing,The detergents that no housewives used have ever caused damage to the delicate clothing,79.0583514406,83.8837150999,text-davinci-002,4.650491261211765,79.0583514406,-8.622824490075736,3.972333228863971,4.934336182347059,83.8837150999,-8.335352953811082,3.4010167714640227,True,True,True,4.825363659299995,0.28384492113529447,0.84,0.84,-4.825363659299995
47.0,NPIs,TS 4,grammatical,No detergents that the housewives used have ever caused damage to the delicate clothing,The detergents that no housewives used have ever caused damage to the delicate clothing,74.238690438,81.5720640908,text-davinci-003,4.3669817904705885,74.238690438,-8.622824490075736,4.2558426996051475,4.798356711223529,81.5720640908,-8.335352953811082,3.536996242587553,True,True,True,7.333373652799992,0.4313749207529405,0.84,0.84,-7.333373652799992
48.0,NPIs,TS 5,grammatical,No students that the teachers punished could expect any friendliness from the strict principal,The students that no teachers punished could expect any friendliness from the strict principal,80.15918233000001,89.27434774000001,text-davinci-002,5.343945488666666,80.15918233,-8.49774570969048,3.1538002210238147,5.951623182666666,89.27434774,-8.219208372024772,2.2675851893581056,True,True,True,9.115165410000003,0.6076776940000004,0.78,0.78,-9.115165410000003
48.0,NPIs,TS 5,grammatical,No students that the teachers punished could expect any friendliness from the strict principal,The students that no teachers punished could expect any friendliness from the strict principal,80.62933958400001,105.8419892,text-davinci-003,5.375289305600001,80.62933958400001,-8.49774570969048,3.12245640409048,7.056132613333333,105.8419892,-8.219208372024772,1.1630757586914386,True,True,True,25.212649615999993,1.6808433077333325,0.78,0.78,-25.212649615999993
49.0,NPIs,TS 6,ungrammatical,No soldiers that the diplomats supported have shown any bravery in the controversial war,The soldiers that no diplomats supported have shown any bravery in the controversial war,90.2110078,98.13777290000002,text-davinci-002,6.443643414285715,90.2110078,-8.309796509934744,1.8661530956490289,7.009840921428571,98.1377729,-8.044684115108732,1.0348431936801603,True,True,True,7.926765099999997,0.5661975071428564,0.21,0.79,7.926765099999997
49.0,NPIs,TS 6,ungrammatical,No soldiers that the diplomats supported have shown any bravery in the controversial war,The soldiers that no diplomats supported have shown any bravery in the controversial war,86.60756660000001,98.37287740000002,text-davinci-003,6.186254757142857,86.6075666,-8.309796509934744,2.123541752791887,7.026634100000001,98.37287740000001,-8.044684115108732,1.0180500151087308,True,True,True,11.765310800000009,0.840379342857144,0.21,0.79,11.765310800000009
50.0,NPIs,TS 7,ungrammatical,No professors that the students respected have ever wanted negativity in a class debate,The professors that no students respected have ever wanted negativity in a class debate,85.48444260000001,94.0523472,text-davinci-002,6.106031614285714,85.4844426,-7.864288453344792,1.7582568390590785,6.7180248,94.0523472,-7.955645530991584,1.2376207309915834,True,True,True,8.567904600000006,0.6119931857142866,0.11,0.89,8.567904600000006
50.0,NPIs,TS 7,ungrammatical,No professors that the students respected have ever wanted negativity in a class debate,The professors that no students respected have ever wanted negativity in a class debate,86.62397370000001,101.0986291,text-davinci-003,6.1874266928571435,86.62397370000001,-7.864288453344792,1.6768617604876486,7.22133065,101.0986291,-7.955645530991584,0.734314880991584,True,True,True,14.474655399999989,1.033903957142856,0.11,0.89,14.474655399999989
51.0,NPIs,TS 8,ungrammatical,No comments that the politicians ignored have caused any bitterness toward the liberal newspapers,The comments that no politicians ignored have caused any bitterness toward the liberal newspapers,93.7607139,100.36121729999998,text-davinci-002,6.69719385,93.7607139,-8.686260615636527,1.9890667656365277,7.168658378571429,100.3612173,-8.394257927546102,1.2255995489746727,True,True,True,6.600503400000008,0.4714645285714294,0.15,0.85,6.600503400000008
51.0,NPIs,TS 8,ungrammatical,No comments that the politicians ignored have caused any bitterness toward the liberal newspapers,The comments that no politicians ignored have caused any bitterness toward the liberal newspapers,96.883443,102.9428612,text-davinci-003,6.920245928571428,96.883443,-8.686260615636527,1.7660146870650992,7.353061514285714,102.9428612,-8.394257927546102,1.041196413260388,True,True,True,6.059418199999996,0.4328155857142857,0.15,0.85,6.059418199999996
52.0,NPIs,TS 9,ungrammatical,No lawyers that the businessmen respected have ever received criticism for a bad trial,The lawyers that no businessmen respected have ever received criticism for a bad trial,95.149761,101.2206582,text-davinci-002,6.7964115,95.149761,-7.948487234032682,1.1520757340326826,7.230047014285715,101.2206582,-8.039844311679472,0.8097972973937573,True,True,True,6.0708972000000045,0.4336355142857151,0.25,0.75,6.0708972000000045
52.0,NPIs,TS 9,ungrammatical,No lawyers that the businessmen respected have ever received criticism for a bad trial,The lawyers that no businessmen respected have ever received criticism for a bad trial,93.9027975,100.978219,text-davinci-003,6.707342678571429,93.9027975,-7.948487234032682,1.2411445554612532,7.212729928571428,100.978219,-8.039844311679472,0.8271143831080439,True,True,True,7.07542149999999,0.5053872499999992,0.25,0.75,7.07542149999999
53.0,Order of Adjectives,TS 1,grammatical,I wore a beautiful long Italian silk dress,I wore a silk Italian long beautiful dress,36.96485314,49.9826414,text-davinci-002,4.6206066425,36.96485314,-8.545513421855013,3.9249067793550125,6.247830175,49.9826414,,2.297683246855013,True,True,True,13.017788259999996,1.6272235324999995,0.92,0.92,-13.017788259999996
53.0,Order of Adjectives,TS 1,grammatical,I wore a beautiful long Italian silk dress,I wore a silk Italian long beautiful dress,37.6834224,50.2496233,text-davinci-003,4.7104278,37.6834224,-8.545513421855013,3.835085621855013,6.2812029125,50.2496233,,2.2643105093550124,True,True,True,12.566200900000005,1.5707751125000007,0.92,0.92,-12.566200900000005
54.0,Order of Adjectives,TS 10,ungrammatical,I saw a graceful tall Venetian vitreous vase,I saw a vitreous Venetian tall graceful vase,61.66232798569999,63.776623355,text-davinci-002,4.7432559989,61.662327985699996,,5.466504765715462,4.905894104230769,63.776623355,-10.20976076461546,5.303866660384691,True,True,True,2.1142953693000024,0.16263810533076928,0.16,0.84,2.1142953693000024
54.0,Order of Adjectives,TS 10,ungrammatical,I saw a graceful tall Venetian vitreous vase,I saw a vitreous Venetian tall graceful vase,60.64959695129999,60.8651243263,text-davinci-003,4.665353611638462,60.649596951300005,,5.544407152977,4.681932640484615,60.8651243263,-10.20976076461546,5.527828124130845,True,True,True,0.21552737499999353,0.016579028846153143,0.16,0.84,0.21552737499999353
55.0,Order of Adjectives,TS 2,grammatical,I bought a nice small German electric bike,I bought an electric German small nice bike,41.0537628,56.1009948,text-davinci-002,5.13172035,41.0537628,-8.470548768017876,3.3388284180178758,7.01262435,56.1009948,,1.7009405874275805,True,True,True,15.047232000000001,1.8809040000000001,0.97,0.97,-15.047232000000001
55.0,Order of Adjectives,TS 2,grammatical,I bought a nice small German electric bike,I bought an electric German small nice bike,40.2090104,54.1965888,text-davinci-003,5.0261263,40.2090104,-8.470548768017876,3.4444224680178763,6.7745736,54.1965888,,1.9389913374275807,True,True,True,13.987578400000004,1.7484473000000005,0.97,0.97,-13.987578400000004
56.0,Order of Adjectives,TS 3,grammatical,I washed an ugly wide American wool sweater,I washed a wool American wide ugly sweater,60.370199199999995,64.65330804,text-davinci-002,7.5462749,60.3701992,-9.260801512109133,1.7145266121091325,8.081663505,64.65330804,,0.9361218376994263,True,True,True,4.283108839999997,0.5353886049999996,0.8,0.8,-4.283108839999997
56.0,Order of Adjectives,TS 3,grammatical,I washed an ugly wide American wool sweater,I washed a wool American wide ugly sweater,57.4334503,63.060131549999994,text-davinci-003,7.1791812875,57.4334503,-9.260801512109133,2.081620224609133,7.88251644375,63.06013155,,1.135268898949426,True,True,True,5.626681250000004,0.7033351562500005,0.8,0.8,-5.626681250000004
57.0,Order of Adjectives,TS 4,grammatical,I painted a fine short Swedish wooden table,I painted a wooden Swedish short fine table,58.8780703,63.8579646,text-davinci-002,7.3597587875,58.8780703,-8.683224143710595,1.323465356210595,7.982245575,63.8579646,,0.7009785687105943,True,True,True,4.979894300000005,0.6224867875000006,0.77,0.77,-4.979894300000005
57.0,Order of Adjectives,TS 4,grammatical,I painted a fine short Swedish wooden table,I painted a wooden Swedish short fine table,57.9295005,61.0340488,text-davinci-003,7.2411875625,57.9295005,-8.683224143710595,1.4420365812105942,7.6292561,61.0340488,,1.0539680437105945,True,True,True,3.1045482999999976,0.3880685374999997,0.77,0.77,-3.1045482999999976
58.0,Order of Adjectives,TS 5,grammatical,I saw a graceful tall Venetian vitreous vase,I saw a vitreous Venetian tall graceful vase,61.66232798569999,63.776623355,text-davinci-002,4.7432559989,61.662327985699996,-10.209760764615462,5.466504765715462,4.905894104230769,63.776623355,,5.303866660384691,True,True,True,2.1142953693000024,0.16263810533076928,0.68,0.68,-2.1142953693000024
58.0,Order of Adjectives,TS 5,grammatical,I saw a graceful tall Venetian vitreous vase,I saw a vitreous Venetian tall graceful vase,60.64959695129999,60.8651243263,text-davinci-003,4.665353611638462,60.649596951300005,-10.209760764615462,5.544407152977,4.681932640484615,60.8651243263,,5.527828124130845,True,True,True,0.21552737499999353,0.016579028846153143,0.68,0.68,-0.21552737499999353
59.0,Order of Adjectives,TS 6,ungrammatical,I wore a beautiful long Italian silk dress,I wore a silk Italian long beautiful dress,36.96485314,49.9826414,text-davinci-002,4.6206066425,36.96485314,,3.9249067793550125,6.247830175,49.9826414,-8.545513421855013,2.297683246855013,True,True,True,13.017788259999996,1.6272235324999995,0.23,0.77,13.017788259999996
59.0,Order of Adjectives,TS 6,ungrammatical,I wore a beautiful long Italian silk dress,I wore a silk Italian long beautiful dress,37.6834224,50.2496233,text-davinci-003,4.7104278,37.6834224,,3.835085621855013,6.2812029125,50.2496233,-8.545513421855013,2.2643105093550124,True,True,True,12.566200900000005,1.5707751125000007,0.23,0.77,12.566200900000005
60.0,Order of Adjectives,TS 7,ungrammatical,I bought a nice small German electric bike,I bought an electric German small nice bike,41.0537628,56.1009948,text-davinci-002,5.13172035,41.0537628,,3.3388284180178758,7.01262435,56.1009948,-8.71356493742758,1.7009405874275805,True,True,True,15.047232000000001,1.8809040000000001,0.11,0.89,15.047232000000001
60.0,Order of Adjectives,TS 7,ungrammatical,I bought a nice small German electric bike,I bought an electric German small nice bike,40.2090104,54.1965888,text-davinci-003,5.0261263,40.2090104,,3.4444224680178763,6.7745736,54.1965888,-8.71356493742758,1.9389913374275807,True,True,True,13.987578400000004,1.7484473000000005,0.11,0.89,13.987578400000004
61.0,Order of Adjectives,TS 8,ungrammatical,I washed an ugly wide American wool sweater,I washed a wool American wide ugly sweater,60.370199199999995,64.65330804,text-davinci-002,7.5462749,60.3701992,,1.7145266121091325,8.081663505,64.65330804,-9.017785342699426,0.9361218376994263,True,True,True,4.283108839999997,0.5353886049999996,0.11,0.89,4.283108839999997
61.0,Order of Adjectives,TS 8,ungrammatical,I washed an ugly wide American wool sweater,I washed a wool American wide ugly sweater,57.4334503,63.060131549999994,text-davinci-003,7.1791812875,57.4334503,,2.081620224609133,7.88251644375,63.06013155,-9.017785342699426,1.135268898949426,True,True,True,5.626681250000004,0.7033351562500005,0.11,0.89,5.626681250000004
62.0,Order of Adjectives,TS 9,ungrammatical,I painted a fine short Swedish wooden table,I painted a wooden Swedish short fine table,58.8780703,63.8579646,text-davinci-002,7.3597587875,58.8780703,,1.323465356210595,7.982245575,63.8579646,-8.683224143710595,0.7009785687105943,True,True,True,4.979894300000005,0.6224867875000006,0.26,0.74,4.979894300000005
62.0,Order of Adjectives,TS 9,ungrammatical,I painted a fine short Swedish wooden table,I painted a wooden Swedish short fine table,57.9295005,61.0340488,text-davinci-003,7.2411875625,57.9295005,,1.4420365812105942,7.6292561,61.0340488,-8.683224143710595,1.0539680437105945,True,True,True,3.1045482999999976,0.3880685374999997,0.26,0.74,3.1045482999999976
63.0,Order of Adverbs,TS 1,grammatical,Charlotte allegedly once was an acrobat,Charlotte once allegedly was an acrobat,50.63517937,52.03046467000001,text-davinci-002,6.32939742125,50.63517937,-9.590145599163488,3.260748177913488,6.50380808375,52.03046467,-9.590145599163488,3.086337515413488,True,True,True,1.3952852999999976,0.1744106624999997,0.63,0.63,-1.3952852999999976
63.0,Order of Adverbs,TS 1,grammatical,Charlotte allegedly once was an acrobat,Charlotte once allegedly was an acrobat,47.060244260000005,47.412797180000005,text-davinci-003,5.8825305325,47.06024426,-9.590145599163488,3.7076150666634886,5.9265996475,47.41279718,-9.590145599163488,3.6635459516634885,True,True,True,0.3525529200000008,0.0440691150000001,0.63,0.63,-0.3525529200000008
64.0,Order of Adverbs,TS 10,ungrammatical,Jeff probably no longer eats sushi,Jeff no longer probably eats sushi,41.1616921,50.5284491,text-davinci-002,6.860282016666666,41.161692099999996,-10.040568509047176,3.1802864923805103,8.421408183333332,50.528449099999996,-10.040568509047176,1.6191603257138443,True,True,True,9.366757,1.561126166666666,0.09,0.91,9.366757
64.0,Order of Adverbs,TS 10,ungrammatical,Jeff probably no longer eats sushi,Jeff no longer probably eats sushi,42.6806516,47.7063055,text-davinci-003,7.113441933333333,42.6806516,-10.040568509047176,2.927126575713843,7.9510509166666665,47.7063055,-10.040568509047176,2.08951759238051,True,True,True,5.025653900000002,0.8376089833333333,0.09,0.91,5.025653900000002
65.0,Order of Adverbs,TS 2,grammatical,Sean probably already did his homework,Sean already probably did his homework,40.6597167,45.080284299999995,text-davinci-002,6.776619449999999,40.6597167,-8.746249312984139,1.9696298629841396,7.513380716666667,45.0802843,-8.746249312984139,1.2328685963174717,True,True,True,4.420567600000005,0.7367612666666679,0.85,0.85,-4.420567600000005
65.0,Order of Adverbs,TS 2,grammatical,Sean probably already did his homework,Sean already probably did his homework,37.00613130000001,40.862101300000006,text-davinci-003,6.16768855,37.0061313,-8.746249312984139,2.5785607629841385,6.8103502166666665,40.8621013,-8.746249312984139,1.9358990963174723,True,True,True,3.8559699999999992,0.6426616666666662,0.85,0.85,-3.8559699999999992
66.0,Order of Adverbs,TS 3,grammatical,Melissa then always cleaned the dishes,Melissa always then cleaned the dishes,50.2595631,51.8820595,text-davinci-002,7.179937585714285,50.259563099999994,-8.822483975037887,1.642546389323602,7.411722785714285,51.8820595,-8.822483975037887,1.410761189323602,True,True,True,1.6224964000000028,0.23178520000000002,0.59,0.59,-1.6224964000000028
66.0,Order of Adverbs,TS 3,grammatical,Melissa then always cleaned the dishes,Melissa always then cleaned the dishes,46.686441599999995,46.69155659999999,text-davinci-003,6.669491657142856,46.686441599999995,-8.822483975037887,2.1529923178950305,6.670222371428571,46.6915566,-8.822483975037887,2.1522616036093156,True,True,True,0.005115000000003533,0.0007307142857149174,0.59,0.59,-0.005115000000003533
67.0,Order of Adverbs,TS 4,grammatical,Dre perhaps still takes dance lessons,Dre still perhaps takes dance lessons,49.2680962,55.436200199999995,text-davinci-002,7.038299457142857,49.2680962,-10.12466687992111,3.0863674227782525,7.919457171428571,55.4362002,-10.12466687992111,2.2052097084925384,True,True,True,6.168104,0.8811577142857141,0.69,0.69,-6.168104
67.0,Order of Adverbs,TS 4,grammatical,Dre perhaps still takes dance lessons,Dre still perhaps takes dance lessons,50.1533093,54.5284613,text-davinci-003,7.164758471428572,50.153309300000004,-10.12466687992111,2.959908408492538,7.789780185714286,54.528461300000004,-10.12466687992111,2.3348866942068236,True,True,True,4.375152,0.6250217142857144,0.69,0.69,-4.375152
68.0,Order of Adverbs,TS 5,grammatical,Emily probably no longer drinks beer,Emily no longer probably drinks beer,42.080699120000006,49.1305778,text-davinci-002,7.013449853333333,42.08069912,-9.58021652988805,2.5667666765547166,8.188429633333334,49.1305778,-9.58021652988805,1.3917868965547164,True,True,True,7.049878679999999,1.1749797800000001,0.81,0.81,-7.049878679999999
68.0,Order of Adverbs,TS 5,grammatical,Emily probably no longer drinks beer,Emily no longer probably drinks beer,42.45290553000001,47.6267441,text-davinci-003,7.075484255,42.45290553,-9.58021652988805,2.50473227488805,7.937790683333333,47.626744099999996,-9.58021652988805,1.6424258465547172,True,True,True,5.173838569999994,0.8623064283333326,0.81,0.81,-5.173838569999994
69.0,Order of Adverbs,TS 6,ungrammatical,Marc allegedly once was a firefighter,Marc once allegedly was a firefighter,47.6956554,49.78500489999999,text-davinci-002,7.9492759,47.6956554,-8.966892489156587,1.017616589156587,8.297500816666668,49.785004900000004,-8.966892489156587,0.6693916724899189,True,True,True,2.0893495000000044,0.348224916666668,0.42,0.58,2.0893495000000044
69.0,Order of Adverbs,TS 6,ungrammatical,Marc allegedly once was a firefighter,Marc once allegedly was a firefighter,46.9420657,49.887878,text-davinci-003,7.823677616666667,46.9420657,-8.966892489156587,1.1432148724899198,8.314646333333334,49.887878,-8.966892489156587,0.6522461558232528,True,True,True,2.9458123,0.49096871666666697,0.42,0.58,2.9458123
70.0,Order of Adverbs,TS 7,ungrammatical,Sonja probably already set the table,Sonja already probably set the table,44.19181439999999,49.99256340000001,text-davinci-002,6.313116342857143,44.1918144,-8.680159564938988,2.367043222081845,7.141794771428572,49.9925634,-8.680159564938988,1.538364793510416,True,True,True,5.800749000000003,0.828678428571429,0.21,0.79,5.800749000000003
70.0,Order of Adverbs,TS 7,ungrammatical,Sonja probably already set the table,Sonja already probably set the table,45.0479403,49.373709000000005,text-davinci-003,6.435420042857143,45.0479403,-8.680159564938988,2.2447395220818445,7.053387,49.373709,-8.680159564938988,1.626772564938988,True,True,True,4.325768699999998,0.6179669571428565,0.21,0.79,4.325768699999998
71.0,Order of Adverbs,TS 8,ungrammatical,Jacob then always did his homework,Jacob always then did his homework,44.4964298,46.20147760000001,text-davinci-002,7.416071633333334,44.4964298,-8.461749589520439,1.045677956187105,7.7002462666666665,46.2014776,-8.461749589520439,0.7615033228537724,True,True,True,1.7050477999999956,0.2841746333333326,0.48,0.52,1.7050477999999956
71.0,Order of Adverbs,TS 8,ungrammatical,Jacob then always did his homework,Jacob always then did his homework,43.2405139,41.0490651,text-davinci-003,7.206752316666667,43.2405139,-8.461749589520439,1.254997272853772,6.84151085,41.0490651,-8.461749589520439,1.6202387395204392,False,False,False,-2.1914488000000034,-0.36524146666666724,0.48,0.52,-2.1914488000000034
72.0,Order of Adverbs,TS 9,ungrammatical,Gary perhaps still drives to work,Gary still perhaps drives to work,47.3290007,51.7665324,text-davinci-002,7.888166783333333,47.3290007,-8.275433665180634,0.3872668818473004,8.6277554,51.7665324,-8.275433665180634,-0.35232173481936613,True,True,True,4.437531700000001,0.7395886166666665,0.43,0.57,4.437531700000001
72.0,Order of Adverbs,TS 9,ungrammatical,Gary perhaps still drives to work,Gary still perhaps drives to work,45.0882836,50.8259046,text-davinci-003,7.514713933333333,45.0882836,-8.275433665180634,0.7607197318473009,8.4709841,50.8259046,-8.275433665180634,-0.19555043481936707,True,True,True,5.737621000000004,0.956270166666668,0.43,0.57,5.737621000000004
73.0,Plural Attraction,TS 1,grammatical,The key to the cabinets probably was destroyed by the fire,The key to the cabinets probably were destroyed by the fire,51.35988110000001,53.8657032,text-davinci-002,4.6690801,51.3598811,-7.416899757532929,2.7478196575329283,4.896882109090909,53.8657032,-7.517313114872698,2.6204310057817883,True,True,True,2.505822099999996,0.22780200909090897,0.64,0.64,-2.505822099999996
73.0,Plural Attraction,TS 1,grammatical,The key to the cabinets probably was destroyed by the fire,The key to the cabinets probably were destroyed by the fire,50.18286879,50.64181106,text-davinci-003,4.562078980909091,50.18286879,-7.416899757532929,2.8548207766238374,4.603801005454546,50.64181106,-7.517313114872698,2.9135121094181518,True,True,False,0.45894227000000143,0.041722024545454595,0.64,0.64,-0.45894227000000143
74.0,Plural Attraction,TS 10,ungrammatical,The door to the laboratories accidentally was left unlocked by the cleaning service,The door to the laboratories accidentally were left unlocked by the cleaning service,60.11478629,63.83245876,text-davinci-002,4.62421433,60.11478629,-8.176527980351537,3.552313650351537,4.910189135384615,63.83245876,-8.260205778134678,3.350016642750062,True,True,True,3.7176724700000037,0.2859748053846154,0.18,0.82,3.7176724700000037
74.0,Plural Attraction,TS 10,ungrammatical,The door to the laboratories accidentally was left unlocked by the cleaning service,The door to the laboratories accidentally were left unlocked by the cleaning service,60.17893948,63.08869738999999,text-davinci-003,4.6291491907692315,60.178939480000004,-8.176527980351537,3.5473787895823055,4.852976722307693,63.08869739,-8.260205778134678,3.407229055826985,True,True,True,2.909757909999996,0.22382753153846124,0.18,0.82,2.909757909999996
75.0,Plural Attraction,TS 2,grammatical,The picture on the fliers definitely was of a village church in the south of France,The picture on the fliers definitely were of a village church in the south of France,70.44936438,74.67605015999999,text-davinci-002,4.144080257647059,70.44936438,-7.461651688348602,3.317571430701543,4.392708832941176,74.67605016,-7.533375515019865,3.140666682078689,True,True,True,4.226685779999997,0.2486285752941173,0.62,0.62,-4.226685779999997
75.0,Plural Attraction,TS 2,grammatical,The picture on the fliers definitely was of a village church in the south of France,The picture on the fliers definitely were of a village church in the south of France,72.92744045,75.38953020999999,text-davinci-003,4.289849438235294,72.92744044999999,-7.461651688348602,3.1718022501133083,4.434678247647059,75.38953021,-7.533375515019865,3.098697267372806,True,True,True,2.462089760000012,0.14482880941176557,0.62,0.62,-2.462089760000012
76.0,Plural Attraction,TS 3,grammatical,The label on the containers probably was a warning about the hazardous chemicals inside,The label on the containers probably were a warning about the hazardous chemicals inside,61.82054044000001,65.64720474000002,text-davinci-002,4.415752888571428,61.82054044,-7.968592413226604,3.552839524655176,4.689086052857143,65.64720474,-8.045833457334119,3.356747404476976,True,True,True,3.8266643000000045,0.27333316428571486,0.64,0.64,-3.8266643000000045
76.0,Plural Attraction,TS 3,grammatical,The label on the containers probably was a warning about the hazardous chemicals inside,The label on the containers probably were a warning about the hazardous chemicals inside,57.76715780000001,59.85891003999999,text-davinci-003,4.126225557142857,57.7671578,-7.968592413226604,3.842366856083747,4.2756364314285715,59.858910040000005,-8.045833457334119,3.7701970259055475,True,True,True,2.0917522400000053,0.14941087428571453,0.64,0.64,-2.0917522400000053
77.0,Plural Attraction,TS 4,grammatical,The crime in the suburbs doubtlessly was a reflection of the violence in today's society,The crime in the suburbs doubtlessly were a reflection of the violence in today's society,67.985331087,74.27288776,text-davinci-002,3.9991371227647052,67.98533108699999,-inf,inf,4.368993397647059,74.27288776,-inf,inf,True,True,False,6.287556673000012,0.36985627488235373,0.58,0.58,-6.287556673000012
77.0,Plural Attraction,TS 4,grammatical,The crime in the suburbs doubtlessly was a reflection of the violence in today's society,The crime in the suburbs doubtlessly were a reflection of the violence in today's society,70.92032141,75.75255324000001,text-davinci-003,4.171783612352941,70.92032141,-inf,inf,4.456032543529411,75.75255324,-inf,inf,True,True,False,4.832231829999998,0.28424893117647,0.58,0.58,-4.832231829999998
78.0,Plural Attraction,TS 5,grammatical,The entrance to the exhibits evidently was hard to locate on the diagram,The entrance to the exhibits evidently were hard to locate on the diagram,65.18073275,68.45925044,text-davinci-002,5.013902519230769,65.18073275,-8.308351623537341,3.2944491043065716,5.266096187692308,68.45925044,-8.399636493846222,3.1335403061539138,True,True,True,3.278517690000001,0.2521936684615387,0.62,0.62,-3.278517690000001
78.0,Plural Attraction,TS 5,grammatical,The entrance to the exhibits evidently was hard to locate on the diagram,The entrance to the exhibits evidently were hard to locate on the diagram,71.727619224,74.12212128,text-davinci-003,5.517509171076923,71.727619224,-8.308351623537341,2.790842452460418,5.701701636923077,74.12212128,-8.399636493846222,2.697934856923145,True,True,True,2.3945020560000074,0.184192465846154,0.62,0.62,-2.3945020560000074
79.0,Plural Attraction,TS 6,ungrammatical,The slogan on the posters unsurprisingly was designed to get attention,The slogan on the posters unsurprisingly were designed to get attention,57.2799656,61.76285524,text-davinci-002,5.2072696,57.279965600000004,-8.078594638885198,2.871325038885198,5.6148050218181815,61.76285524,-8.169879509194079,2.5550744873758973,True,True,True,4.482889639999996,0.4075354218181815,0.19,0.81,4.482889639999996
79.0,Plural Attraction,TS 6,ungrammatical,The slogan on the posters unsurprisingly was designed to get attention,The slogan on the posters unsurprisingly were designed to get attention,56.68856197,59.24143878,text-davinci-003,5.153505633636364,56.68856197,-8.078594638885198,2.925089005248834,5.385585343636364,59.241438779999996,-8.169879509194079,2.784294165557715,True,True,True,2.5528768099999937,0.23207970999999983,0.19,0.81,2.5528768099999937
80.0,Plural Attraction,TS 7,ungrammatical,The mistake in the programs certainly was disastrous for the small software company,The mistake in the programs certainly were disastrous for the small software company,68.54601104,72.53998695000001,text-davinci-002,5.27277008,68.54601104,-7.59261629433421,2.31984621433421,5.579998996153846,72.53998695,-7.676294092117352,2.096295095963506,True,True,True,3.993975910000003,0.3072289161538464,0.21,0.79,3.993975910000003
80.0,Plural Attraction,TS 7,ungrammatical,The mistake in the programs certainly was disastrous for the small software company,The mistake in the programs certainly were disastrous for the small software company,69.3286723,71.13102860000001,text-davinci-003,5.332974792307693,69.32867230000001,-7.59261629433421,2.2596415020265166,5.471617584615386,71.13102860000001,-7.676294092117352,2.2046765075019668,True,True,True,1.8023562999999996,0.13864279230769228,0.21,0.79,1.8023562999999996
81.0,Plural Attraction,TS 8,ungrammatical,The problem in the stores ultimately was solved by firing the custodian,The problem in the stores ultimately were solved by firing the custodian,68.23056270000001,73.5998328,text-davinci-002,5.248504823076924,68.23056270000001,-8.23916252713115,2.990657704054226,5.6615256,73.5998328,-8.33044739744003,2.6689217974400306,True,True,True,5.369270099999994,0.4130207769230765,0.19,0.81,5.369270099999994
81.0,Plural Attraction,TS 8,ungrammatical,The problem in the stores ultimately was solved by firing the custodian,The problem in the stores ultimately were solved by firing the custodian,69.73110782,74.6730126,text-davinci-003,5.363931370769231,69.73110782,-8.23916252713115,2.8752311563619184,5.744077892307692,74.67301259999999,-8.33044739744003,2.586369505132339,True,True,True,4.941904779999987,0.3801465215384603,0.19,0.81,4.941904779999987
82.0,Plural Attraction,TS 9,ungrammatical,The defect in the appliances likely was unknown to consumers and government regulators,The defect in the appliances likely were unknown to consumers and government regulators,63.801462820000005,68.43223855,text-davinci-002,4.907804832307692,63.80146282,-7.785997140060246,2.8781923077525544,5.264018350000001,68.43223855000001,-7.863238184167759,2.5992198341677586,True,True,True,4.6307757300000105,0.3562135176923089,0.23,0.77,4.6307757300000105
82.0,Plural Attraction,TS 9,ungrammatical,The defect in the appliances likely was unknown to consumers and government regulators,The defect in the appliances likely were unknown to consumers and government regulators,69.53920045,72.08843399000001,text-davinci-003,5.349169265384616,69.53920045000001,-7.785997140060246,2.43682787467563,5.545264153076923,72.08843399,-7.863238184167759,2.317974031090836,True,True,True,2.549233539999989,0.19609488769230676,0.23,0.77,2.549233539999989
